pub_time,ticker,title,summary,sentiment_score
2024-07-27 15:18:02,GOOGL,"Dow Jones Futures: Huge AI Earnings, Fed Pivot Loom; Here's What To Do","Dow Jones futures: Apple, Microsoft, Amazon and Meta report earnings, with AI in focus. The Fed is expected to signal rate cuts soon.",0.21255
2024-07-27 15:59:17,GOOGL,"Tesla, AMC, Meta And Crypto Analyst Predicts Dogecoin Will Follow Historical Pattern: Benzinga Bulls And Bears",Benzinga examined the prospects for many investors’ favorite stocks over the last week. Here’s a look at some of our top stories.,0.071467
2024-07-27 20:56:00,GOOGL,Wall Street in the haze of the tech selloff as the AI promise lingers - Earnings Scorecard,"Stay informed on the latest market trends with insights on tech earnings, Fed policy, and more.",0.465267
2024-09-22 19:48:22,GOOGL,"The Nasdaq 100’s 4 Big A’s: Alphabet, Amazon, Apple, Advanced Micro","The Nasdaq 100 is under performing the S&P 500 and the Dow Jones Industrials, both of which just hit new highs.",0.1946
2024-09-22 21:10:49,GOOGL,"Exclusive-Biden expected to meet Vietnamese president on Wednesday, source says By Reuters","Exclusive-Biden expected to meet Vietnamese president on Wednesday, source says",0.8207
2024-09-22 23:25:30,GOOGL,"Some 40% of regions, cities and companies lack emissions-cut targets, survey says By Reuters","Some 40% of regions, cities and companies lack emissions-cut targets, survey says",0.4404
2025-02-15 06:48:16,GOOGL,HARRIS ASSOCIATES L P Acquires Significant Stake in WPP PLC,"On December 31, 2024, HARRIS ASSOCIATES L P (Trades, Portfolio) executed a notable transaction by acquiring 48,165,671 shares of WPP PLC. This acquisition marks",0.8625
2025-02-15 10:39:38,GOOGL,Whale Rock Capital Management LLC Reduces Stake in Celestica Inc,"On December 31, 2024, Whale Rock Capital Management LLC (Trades, Portfolio) executed a significant reduction in its holdings of Celestica Inc. The firm decrease",0.5719
2025-02-15 16:27:13,GOOGL,California State Teachers Retirement System Acquires Significant Stake in Blue Owl Capital Corp III,"On December 31, 2024, the California State Teachers Retirement System (CalSTRS) made a notable addition to its investment portfolio by acquiring 13,266,763 shar",0.2023
